{
	"appId": "io.replit.fitness",
	"appName": "FitnessApp",
	"webDir": "dist/public",
	"server": {
		"androidScheme": "https",
		"iosScheme": "https",
		"hostname": "app.replit.fitness",
		"cleartext": true
	},
	"ios": {
		"scheme": "FitnessApp",
		"contentInset": "always",
		"backgroundColor": "#ffffff",
		"preferredContentMode": "mobile",
		"allowsLinkPreview": false,
		"limitsNavigationsToAppBoundDomains": true,
		"scrollEnabled": true
	},
	"plugins": {
		"SplashScreen": {
			"launchShowDuration": 2000,
			"launchAutoHide": true,
			"backgroundColor": "#ffffff",
			"showSpinner": false,
			"androidSpinnerStyle": "large",
			"splashFullScreen": true,
			"splashImmersive": true
		},
		"LocalNotifications": {
			"smallIcon": "ic_stat_icon_config_sample",
			"iconColor": "#488AFF"
		},
		"Camera": {
			"presentationStyle": "fullscreen"
		},
		"Geolocation": {
			"permissions": {
				"ios": [
					"location",
					"location-always"
				]
			}
		}
	},
	"packageClassList": [
		"AppPlugin",
		"CAPCameraPlugin",
		"DevicePlugin",
		"GeolocationPlugin",
		"HapticsPlugin",
		"LocalNotificationsPlugin"
	]
}
